what,kind,bundleId,bundleVersion,description,time
executed,command,org.eclipse.ui,3.6.2.M20110203-1100,"org.eclipse.ui.edit.paste",1304444536131
executed,command,org.eclipse.ui,3.6.2.M20110203-1100,"org.eclipse.ui.file.save",1304444536630
executed,command,org.eclipse.ui,3.6.2.M20110203-1100,"org.eclipse.ui.file.save",1304444541127
activated,editor,org.eclipse.jdt.ui,3.6.2.r362_v20110203,"org.eclipse.jdt.ui.CompilationUnitEditor",1304444546732
activated,editor,org.eclipse.jdt.ui,3.6.2.r362_v20110203,"org.eclipse.jdt.ui.CompilationUnitEditor",1304444554685
activated,editor,org.eclipse.jdt.ui,3.6.2.r362_v20110203,"org.eclipse.jdt.ui.CompilationUnitEditor",1304444556518
activated,editor,org.eclipse.jdt.ui,3.6.2.r362_v20110203,"org.eclipse.jdt.ui.CompilationUnitEditor",1304444571450
executed,command,org.eclipse.jdt.ui,3.6.2.r362_v20110203,"org.eclipse.jdt.ui.edit.text.java.open.editor",1304444571508
activated,editor,org.eclipse.jdt.ui,3.6.2.r362_v20110203,"org.eclipse.jdt.ui.CompilationUnitEditor",1304444576865
executed,command,org.eclipse.ui,3.6.2.M20110203-1100,"org.eclipse.ui.edit.text.contentAssist.proposals",1304444615849
executed,command,org.eclipse.ui,3.6.2.M20110203-1100,"org.eclipse.ui.file.save",1304444618708
executed,command,org.eclipse.ui,3.6.2.M20110203-1100,"org.eclipse.ui.edit.copy",1304444621473
executed,command,org.eclipse.ui,3.6.2.M20110203-1100,"org.eclipse.ui.edit.paste",1304444628525
executed,command,org.eclipse.ui,3.6.2.M20110203-1100,"org.eclipse.ui.edit.paste",1304444632756
executed,command,org.eclipse.ui,3.6.2.M20110203-1100,"org.eclipse.ui.file.save",1304444646283
activated,view,org.eclipse.ui.views,3.5.1.M20110202-0800,"org.eclipse.ui.views.ContentOutline",1304444651976
activated,editor,org.eclipse.jdt.ui,3.6.2.r362_v20110203,"org.eclipse.jdt.ui.CompilationUnitEditor",1304444652170
activated,view,org.eclipse.ui.views,3.5.1.M20110202-0800,"org.eclipse.ui.views.ContentOutline",1304444669582
activated,editor,org.eclipse.jdt.ui,3.6.2.r362_v20110203,"org.eclipse.jdt.ui.CompilationUnitEditor",1304444669756
executed,command,org.eclipse.ui.workbench.texteditor,3.6.1.r361_v20100714-0800,"org.eclipse.ui.edit.text.goto.lineEnd",1304444770951
executed,command,org.eclipse.ui.workbench.texteditor,3.6.1.r361_v20100714-0800,"org.eclipse.ui.edit.text.select.lineStart",1304444781401
executed,command,org.eclipse.ui,3.6.2.M20110203-1100,"org.eclipse.ui.file.save",1304444788498
executed,command,org.eclipse.ui,3.6.2.M20110203-1100,"org.eclipse.ui.file.save",1304444822003
deactivated,workbench,org.eclipse.ui.workbench,3.6.2.M20110210-1200,"",1304444833052
activated,workbench,org.eclipse.ui.workbench,3.6.2.M20110210-1200,"",1304444833181
activated,view,org.eclipse.ui.views,3.5.1.M20110202-0800,"org.eclipse.ui.views.ContentOutline",1304444835797
activated,editor,org.eclipse.jdt.ui,3.6.2.r362_v20110203,"org.eclipse.jdt.ui.CompilationUnitEditor",1304444835936
executed,command,org.eclipse.ui,3.6.2.M20110203-1100,"org.eclipse.ui.file.save",1304444836764
executed,command,org.eclipse.ui,3.6.2.M20110203-1100,"org.eclipse.ui.edit.delete",1304444851863
executed,command,org.eclipse.ui.workbench.texteditor,3.6.1.r361_v20100714-0800,"org.eclipse.ui.edit.text.goto.lineEnd",1304444853846
executed,command,org.eclipse.ui,3.6.2.M20110203-1100,"org.eclipse.ui.file.save",1304444869243
executed,command,org.eclipse.ui,3.6.2.M20110203-1100,"org.eclipse.ui.file.save",1304444874163
executed,command,org.eclipse.ui,3.6.2.M20110203-1100,"org.eclipse.ui.edit.copy",1304444902190
executed,command,org.eclipse.ui,3.6.2.M20110203-1100,"org.eclipse.ui.edit.paste",1304444903442
executed,command,org.eclipse.ui,3.6.2.M20110203-1100,"org.eclipse.ui.file.save",1304444903985
executed,command,org.eclipse.ui,3.6.2.M20110203-1100,"org.eclipse.ui.edit.paste",1304444920786
executed,command,org.eclipse.ui,3.6.2.M20110203-1100,"org.eclipse.ui.file.save",1304444921053
activated,editor,org.eclipse.jdt.ui,3.6.2.r362_v20110203,"org.eclipse.jdt.ui.CompilationUnitEditor",1304444945181
activated,view,org.eclipse.ui.views,3.5.1.M20110202-0800,"org.eclipse.ui.views.ContentOutline",1304444951395
activated,editor,org.eclipse.jdt.ui,3.6.2.r362_v20110203,"org.eclipse.jdt.ui.CompilationUnitEditor",1304444951558
activated,editor,org.eclipse.jdt.ui,3.6.2.r362_v20110203,"org.eclipse.jdt.ui.CompilationUnitEditor",1304444982631
deactivated,workbench,org.eclipse.ui.workbench,3.6.2.M20110210-1200,"",1304444989323
activated,workbench,org.eclipse.ui.workbench,3.6.2.M20110210-1200,"",1304445077613
executed,command,org.eclipse.ui,3.6.2.M20110203-1100,"org.eclipse.ui.file.save",1304445202899
deactivated,workbench,org.eclipse.ui.workbench,3.6.2.M20110210-1200,"",1304445251953
activated,workbench,org.eclipse.ui.workbench,3.6.2.M20110210-1200,"",1304445266407
deactivated,workbench,org.eclipse.ui.workbench,3.6.2.M20110210-1200,"",1304445273098
activated,workbench,org.eclipse.ui.workbench,3.6.2.M20110210-1200,"",1304445288368
activated,view,org.eclipse.ui.views,3.5.1.M20110202-0800,"org.eclipse.ui.views.ContentOutline",1304445328341
activated,editor,org.eclipse.jdt.ui,3.6.2.r362_v20110203,"org.eclipse.jdt.ui.CompilationUnitEditor",1304445333565
executed,command,org.eclipse.ui,3.6.2.M20110203-1100,"org.eclipse.ui.file.save",1304445366698
executed,command,org.eclipse.ui,3.6.2.M20110203-1100,"org.eclipse.ui.file.save",1304445389296
deactivated,workbench,org.eclipse.ui.workbench,3.6.2.M20110210-1200,"",1304445395373
activated,workbench,org.eclipse.ui.workbench,3.6.2.M20110210-1200,"",1304445395454
deactivated,workbench,org.eclipse.ui.workbench,3.6.2.M20110210-1200,"",1304445398355
activated,workbench,org.eclipse.ui.workbench,3.6.2.M20110210-1200,"",1304445398450
executed,command,org.eclipse.ui,3.6.2.M20110203-1100,"org.eclipse.ui.file.save",1304445398927
deactivated,workbench,org.eclipse.ui.workbench,3.6.2.M20110210-1200,"",1304445403817
activated,workbench,org.eclipse.ui.workbench,3.6.2.M20110210-1200,"",1304445403914
executed,command,org.eclipse.ui,3.6.2.M20110203-1100,"org.eclipse.ui.file.save",1304445412858
deactivated,workbench,org.eclipse.ui.workbench,3.6.2.M20110210-1200,"",1304445418494
activated,workbench,org.eclipse.ui.workbench,3.6.2.M20110210-1200,"",1304445418582
executed,command,org.eclipse.ui,3.6.2.M20110203-1100,"org.eclipse.ui.file.save",1304445419479
activated,view,org.eclipse.ui.views,3.5.1.M20110202-0800,"org.eclipse.ui.views.ContentOutline",1304445426442
activated,editor,org.eclipse.jdt.ui,3.6.2.r362_v20110203,"org.eclipse.jdt.ui.CompilationUnitEditor",1304445426755
executed,command,org.eclipse.ui,3.6.2.M20110203-1100,"org.eclipse.ui.edit.text.contentAssist.proposals",1304445456398
executed,command,org.eclipse.ui,3.6.2.M20110203-1100,"org.eclipse.ui.file.save",1304445469620
executed,command,org.eclipse.ui,3.6.2.M20110203-1100,"org.eclipse.ui.file.save",1304445472365
started,bundle,org.eclipse.search,3.6.0.v20100520-0800,"org.eclipse.search",1304445532660
opened,view,org.eclipse.search,3.6.0.v20100520-0800,"org.eclipse.search.ui.views.SearchView",1304445532740
activated,view,org.eclipse.search,3.6.0.v20100520-0800,"org.eclipse.search.ui.views.SearchView",1304445532777
executed,command,org.eclipse.jdt.ui,3.6.2.r362_v20110203,"org.eclipse.jdt.ui.edit.text.java.search.references.in.workspace",1304445532915
activated,editor,org.eclipse.jdt.ui,3.6.2.r362_v20110203,"org.eclipse.jdt.ui.CompilationUnitEditor",1304445535330
activated,view,org.eclipse.search,3.6.0.v20100520-0800,"org.eclipse.search.ui.views.SearchView",1304445547343
activated,editor,org.eclipse.jdt.ui,3.6.2.r362_v20110203,"org.eclipse.jdt.ui.CompilationUnitEditor",1304445547509
activated,view,org.eclipse.search,3.6.0.v20100520-0800,"org.eclipse.search.ui.views.SearchView",1304445547950
activated,editor,org.eclipse.jdt.ui,3.6.2.r362_v20110203,"org.eclipse.jdt.ui.CompilationUnitEditor",1304445548106
executed,command,org.eclipse.jdt.ui,3.6.2.r362_v20110203,"org.eclipse.jdt.ui.edit.text.java.open.editor",1304445549425
executed,command,org.eclipse.jdt.ui,3.6.2.r362_v20110203,"org.eclipse.jdt.ui.edit.text.java.open.editor",1304445549851
activated,view,org.eclipse.search,3.6.0.v20100520-0800,"org.eclipse.search.ui.views.SearchView",1304445551862
executed,command,org.eclipse.ui,3.6.2.M20110203-1100,"org.eclipse.ui.navigate.next",1304445551965
executed,command,org.eclipse.ui,3.6.2.M20110203-1100,"org.eclipse.ui.navigate.next",1304445553018
executed,command,org.eclipse.ui,3.6.2.M20110203-1100,"org.eclipse.ui.navigate.next",1304445554422
executed,command,org.eclipse.ui,3.6.2.M20110203-1100,"org.eclipse.ui.navigate.next",1304445555042
executed,command,org.eclipse.ui,3.6.2.M20110203-1100,"org.eclipse.ui.navigate.next",1304445555243
activated,editor,org.eclipse.jdt.ui,3.6.2.r362_v20110203,"org.eclipse.jdt.ui.CompilationUnitEditor",1304445557593
executed,command,org.eclipse.jdt.ui,3.6.2.r362_v20110203,"org.eclipse.jdt.ui.edit.text.java.open.editor",1304445557600
activated,view,org.eclipse.ui.views,3.5.1.M20110202-0800,"org.eclipse.ui.views.ContentOutline",1304445560619
activated,editor,org.eclipse.jdt.ui,3.6.2.r362_v20110203,"org.eclipse.jdt.ui.CompilationUnitEditor",1304445560762
executed,command,org.eclipse.ui,3.6.2.M20110203-1100,"org.eclipse.ui.edit.text.contentAssist.proposals",1304445592437
executed,command,org.eclipse.ui,3.6.2.M20110203-1100,"org.eclipse.ui.edit.text.contentAssist.proposals",1304445604475
executed,command,org.eclipse.ui.workbench.texteditor,3.6.1.r361_v20100714-0800,"org.eclipse.ui.edit.text.goto.lineEnd",1304445606295
executed,command,org.eclipse.ui,3.6.2.M20110203-1100,"org.eclipse.ui.file.save",1304445608994
executed,command,org.eclipse.ui,3.6.2.M20110203-1100,"org.eclipse.ui.edit.text.contentAssist.proposals",1304445613369
executed,command,org.eclipse.ui,3.6.2.M20110203-1100,"org.eclipse.ui.edit.text.contentAssist.proposals",1304445615940
executed,command,org.eclipse.ui,3.6.2.M20110203-1100,"org.eclipse.ui.file.save",1304445623074
executed,command,org.eclipse.ui.workbench.texteditor,3.6.1.r361_v20100714-0800,"org.eclipse.ui.edit.text.select.lineStart",1304445645849
executed,command,org.eclipse.ui,3.6.2.M20110203-1100,"org.eclipse.ui.file.save",1304445655430
executed,command,org.eclipse.ui,3.6.2.M20110203-1100,"org.eclipse.ui.edit.text.contentAssist.proposals",1304445672064
executed,command,org.eclipse.ui,3.6.2.M20110203-1100,"org.eclipse.ui.edit.text.contentAssist.proposals",1304445695241
executed,command,org.eclipse.ui,3.6.2.M20110203-1100,"org.eclipse.ui.edit.text.contentAssist.proposals",1304445708790
executed,command,org.eclipse.ui,3.6.2.M20110203-1100,"org.eclipse.ui.file.save",1304445712189
executed,command,org.eclipse.ui,3.6.2.M20110203-1100,"org.eclipse.ui.edit.text.contentAssist.proposals",1304445716023
executed,command,org.eclipse.ui,3.6.2.M20110203-1100,"org.eclipse.ui.edit.text.contentAssist.proposals",1304445724387
executed,command,org.eclipse.ui,3.6.2.M20110203-1100,"org.eclipse.ui.file.save",1304445731261
executed,command,org.eclipse.ui.workbench.texteditor,3.6.1.r361_v20100714-0800,"org.eclipse.ui.edit.text.goto.lineEnd",1304445732170
executed,command,org.eclipse.ui,3.6.2.M20110203-1100,"org.eclipse.ui.edit.text.contentAssist.proposals",1304445736670
executed,command,org.eclipse.ui,3.6.2.M20110203-1100,"org.eclipse.ui.edit.text.contentAssist.proposals",1304445742387
deactivated,workbench,org.eclipse.ui.workbench,3.6.2.M20110210-1200,"",1304445749776
activated,workbench,org.eclipse.ui.workbench,3.6.2.M20110210-1200,"",1304445754468
activated,view,org.eclipse.jdt.ui,3.6.2.r362_v20110203,"org.eclipse.jdt.ui.PackageExplorer",1304445761241
opened,editor,org.eclipse.jdt.ui,3.6.2.r362_v20110203,"org.eclipse.jdt.ui.CompilationUnitEditor",1304445761425
activated,editor,org.eclipse.jdt.ui,3.6.2.r362_v20110203,"org.eclipse.jdt.ui.CompilationUnitEditor",1304445761509
executed,command,org.eclipse.ui,3.6.2.M20110203-1100,"org.eclipse.ui.edit.text.contentAssist.proposals",1304445769216
executed,command,org.eclipse.ui,3.6.2.M20110203-1100,"org.eclipse.ui.edit.text.contentAssist.proposals",1304445772562
executed,command,org.eclipse.ui,3.6.2.M20110203-1100,"org.eclipse.ui.edit.text.contentAssist.proposals",1304445775063
executed,command,org.eclipse.ui,3.6.2.M20110203-1100,"org.eclipse.ui.edit.text.contentAssist.proposals",1304445777653
executed,command,org.eclipse.ui,3.6.2.M20110203-1100,"org.eclipse.ui.file.save",1304445803390
activated,editor,org.eclipse.jdt.ui,3.6.2.r362_v20110203,"org.eclipse.jdt.ui.CompilationUnitEditor",1304445805400
executed,command,org.eclipse.ui,3.6.2.M20110203-1100,"org.eclipse.ui.file.save",1304445827830
executed,command,org.eclipse.ui,3.6.2.M20110203-1100,"org.eclipse.ui.file.save",1304445832517
executed,command,org.eclipse.ui,3.6.2.M20110203-1100,"org.eclipse.ui.edit.text.contentAssist.proposals",1304445841337
executed,command,org.eclipse.ui,3.6.2.M20110203-1100,"org.eclipse.ui.edit.text.contentAssist.proposals",1304445844473
executed,command,org.eclipse.ui,3.6.2.M20110203-1100,"org.eclipse.ui.edit.text.contentAssist.proposals",1304445846808
executed,command,org.eclipse.ui,3.6.2.M20110203-1100,"org.eclipse.ui.edit.text.contentAssist.proposals",1304445852447
executed,command,org.eclipse.ui,3.6.2.M20110203-1100,"org.eclipse.ui.file.save",1304445853549
executed,command,org.eclipse.ui.workbench.texteditor,3.6.1.r361_v20100714-0800,"org.eclipse.ui.edit.text.goto.lineEnd",1304445853930
executed,command,org.eclipse.ui,3.6.2.M20110203-1100,"org.eclipse.ui.file.save",1304445871644
activated,editor,org.eclipse.jdt.ui,3.6.2.r362_v20110203,"org.eclipse.jdt.ui.CompilationUnitEditor",1304445878861
activated,editor,org.eclipse.jdt.ui,3.6.2.r362_v20110203,"org.eclipse.jdt.ui.CompilationUnitEditor",1304445884407
activated,editor,org.eclipse.jdt.ui,3.6.2.r362_v20110203,"org.eclipse.jdt.ui.CompilationUnitEditor",1304445909494
executed,command,org.eclipse.ui,3.6.2.M20110203-1100,"org.eclipse.ui.edit.text.contentAssist.proposals",1304445917959
executed,command,org.eclipse.ui,3.6.2.M20110203-1100,"org.eclipse.ui.edit.text.contentAssist.proposals",1304445934791
executed,command,org.eclipse.ui,3.6.2.M20110203-1100,"org.eclipse.ui.edit.text.contentAssist.proposals",1304445943826
executed,command,org.eclipse.ui,3.6.2.M20110203-1100,"org.eclipse.ui.file.save",1304445950340
deactivated,workbench,org.eclipse.ui.workbench,3.6.2.M20110210-1200,"",1304445959899
activated,workbench,org.eclipse.ui.workbench,3.6.2.M20110210-1200,"",1304445969711
executed,command,org.eclipse.ui,3.6.2.M20110203-1100,"org.eclipse.ui.edit.cut",1304445983081
executed,command,org.eclipse.ui,3.6.2.M20110203-1100,"org.eclipse.ui.edit.paste",1304445985561
executed,command,org.eclipse.ui,3.6.2.M20110203-1100,"org.eclipse.ui.file.save",1304445989005
executed,command,org.eclipse.ui.workbench.texteditor,3.6.1.r361_v20100714-0800,"org.eclipse.ui.edit.text.select.lineStart",1304445989780
executed,command,org.eclipse.ui,3.6.2.M20110203-1100,"org.eclipse.ui.file.save",1304445990384
executed,command,org.eclipse.ui,3.6.2.M20110203-1100,"org.eclipse.ui.edit.text.contentAssist.proposals",1304445993830
executed,command,org.eclipse.ui,3.6.2.M20110203-1100,"org.eclipse.ui.edit.text.contentAssist.proposals",1304446002829
executed,command,org.eclipse.ui.workbench.texteditor,3.6.1.r361_v20100714-0800,"org.eclipse.ui.edit.text.select.lineStart",1304446008869
no handler,command,org.eclipse.ui.workbench.texteditor,3.6.1.r361_v20100714-0800,"org.eclipse.ui.edit.text.goto.lineEnd",1304446009897
executed,command,org.eclipse.ui,3.6.2.M20110203-1100,"org.eclipse.ui.edit.undo",1304446011372
no handler,command,org.eclipse.ui.workbench.texteditor,3.6.1.r361_v20100714-0800,"org.eclipse.ui.edit.text.goto.lineEnd",1304446012050
executed,command,org.eclipse.ui.workbench.texteditor,3.6.1.r361_v20100714-0800,"org.eclipse.ui.edit.text.goto.lineEnd",1304446013223
executed,command,org.eclipse.ui,3.6.2.M20110203-1100,"org.eclipse.ui.edit.text.contentAssist.proposals",1304446015760
executed,command,org.eclipse.ui,3.6.2.M20110203-1100,"org.eclipse.ui.file.save",1304446022334
activated,editor,org.eclipse.jdt.ui,3.6.2.r362_v20110203,"org.eclipse.jdt.ui.CompilationUnitEditor",1304446029462
activated,editor,org.eclipse.jdt.ui,3.6.2.r362_v20110203,"org.eclipse.jdt.ui.CompilationUnitEditor",1304446032008
activated,editor,org.eclipse.jdt.ui,3.6.2.r362_v20110203,"org.eclipse.jdt.ui.CompilationUnitEditor",1304446046386
activated,editor,org.eclipse.jdt.ui,3.6.2.r362_v20110203,"org.eclipse.jdt.ui.CompilationUnitEditor",1304446056153
executed,command,org.eclipse.jdt.ui,3.6.2.r362_v20110203,"org.eclipse.jdt.ui.edit.text.java.open.editor",1304446056191
activated,editor,org.eclipse.jdt.ui,3.6.2.r362_v20110203,"org.eclipse.jdt.ui.CompilationUnitEditor",1304446077112
activated,editor,org.eclipse.jdt.ui,3.6.2.r362_v20110203,"org.eclipse.jdt.ui.CompilationUnitEditor",1304446084150
activated,editor,org.eclipse.jdt.ui,3.6.2.r362_v20110203,"org.eclipse.jdt.ui.CompilationUnitEditor",1304446090185
deactivated,workbench,org.eclipse.ui.workbench,3.6.2.M20110210-1200,"",1304446144742
activated,workbench,org.eclipse.ui.workbench,3.6.2.M20110210-1200,"",1304446144862
executed,command,org.eclipse.ui,3.6.2.M20110203-1100,"org.eclipse.ui.file.save",1304446145993
executed,command,org.eclipse.ui.workbench.texteditor,3.6.1.r361_v20100714-0800,"org.eclipse.ui.edit.text.goto.lineEnd",1304446173621
executed,command,org.eclipse.ui,3.6.2.M20110203-1100,"org.eclipse.ui.edit.cut",1304446177888
executed,command,org.eclipse.ui,3.6.2.M20110203-1100,"org.eclipse.ui.edit.paste",1304446179406
executed,command,org.eclipse.ui,3.6.2.M20110203-1100,"org.eclipse.ui.file.save",1304446180240
executed,command,org.eclipse.ui,3.6.2.M20110203-1100,"org.eclipse.ui.file.save",1304446186114
executed,command,org.eclipse.ui,3.6.2.M20110203-1100,"org.eclipse.ui.edit.text.contentAssist.proposals",1304446194642
executed,command,org.eclipse.ui,3.6.2.M20110203-1100,"org.eclipse.ui.edit.text.contentAssist.proposals",1304446207266
executed,command,org.eclipse.ui,3.6.2.M20110203-1100,"org.eclipse.ui.file.save",1304446212545
executed,command,org.eclipse.ui.workbench.texteditor,3.6.1.r361_v20100714-0800,"org.eclipse.ui.edit.text.goto.lineEnd",1304446214152
executed,command,org.eclipse.ui,3.6.2.M20110203-1100,"org.eclipse.ui.file.save",1304446215101
deactivated,workbench,org.eclipse.ui.workbench,3.6.2.M20110210-1200,"",1304446228674
activated,workbench,org.eclipse.ui.workbench,3.6.2.M20110210-1200,"",1304446231687
activated,editor,org.eclipse.jdt.ui,3.6.2.r362_v20110203,"org.eclipse.jdt.ui.CompilationUnitEditor",1304446233368
activated,editor,org.eclipse.jdt.ui,3.6.2.r362_v20110203,"org.eclipse.jdt.ui.CompilationUnitEditor",1304446241730
activated,editor,org.eclipse.jdt.ui,3.6.2.r362_v20110203,"org.eclipse.jdt.ui.CompilationUnitEditor",1304446253984
executed,command,org.eclipse.ui,3.6.2.M20110203-1100,"org.eclipse.ui.file.save",1304446259360
activated,editor,org.eclipse.jdt.ui,3.6.2.r362_v20110203,"org.eclipse.jdt.ui.CompilationUnitEditor",1304446261136
activated,editor,org.eclipse.jdt.ui,3.6.2.r362_v20110203,"org.eclipse.jdt.ui.CompilationUnitEditor",1304446265752
executed,command,org.eclipse.ui,3.6.2.M20110203-1100,"org.eclipse.ui.edit.text.contentAssist.proposals",1304446271885
executed,command,org.eclipse.ui,3.6.2.M20110203-1100,"org.eclipse.ui.edit.text.contentAssist.proposals",1304446288552
executed,command,org.eclipse.ui,3.6.2.M20110203-1100,"org.eclipse.ui.file.save",1304446294291
deactivated,workbench,org.eclipse.ui.workbench,3.6.2.M20110210-1200,"",1304446298411
activated,workbench,org.eclipse.ui.workbench,3.6.2.M20110210-1200,"",1304446298515
executed,command,org.eclipse.ui,3.6.2.M20110203-1100,"org.eclipse.ui.file.save",1304446299270
executed,command,org.eclipse.ui,3.6.2.M20110203-1100,"org.eclipse.ui.edit.delete",1304446302814
executed,command,org.eclipse.ui,3.6.2.M20110203-1100,"org.eclipse.ui.edit.delete",1304446304147
executed,command,org.eclipse.ui,3.6.2.M20110203-1100,"org.eclipse.ui.edit.delete",1304446304950
executed,command,org.eclipse.ui,3.6.2.M20110203-1100,"org.eclipse.ui.file.save",1304446305883
executed,command,org.eclipse.ui,3.6.2.M20110203-1100,"org.eclipse.ui.file.save",1304446317417
executed,command,org.eclipse.ui,3.6.2.M20110203-1100,"org.eclipse.ui.edit.copy",1304446318685
executed,command,org.eclipse.ui,3.6.2.M20110203-1100,"org.eclipse.ui.edit.paste",1304446319348
executed,command,org.eclipse.ui,3.6.2.M20110203-1100,"org.eclipse.ui.edit.paste",1304446320046
executed,command,org.eclipse.ui,3.6.2.M20110203-1100,"org.eclipse.ui.file.save",1304446320260
executed,command,org.eclipse.ui,3.6.2.M20110203-1100,"org.eclipse.ui.file.save",1304446330633
activated,editor,org.eclipse.jdt.ui,3.6.2.r362_v20110203,"org.eclipse.jdt.ui.CompilationUnitEditor",1304446347244
activated,editor,org.eclipse.jdt.ui,3.6.2.r362_v20110203,"org.eclipse.jdt.ui.CompilationUnitEditor",1304446362691
activated,editor,org.eclipse.jdt.ui,3.6.2.r362_v20110203,"org.eclipse.jdt.ui.CompilationUnitEditor",1304446378314
activated,editor,org.eclipse.jdt.ui,3.6.2.r362_v20110203,"org.eclipse.jdt.ui.CompilationUnitEditor",1304446383455
activated,view,org.eclipse.jdt.ui,3.6.2.r362_v20110203,"org.eclipse.jdt.ui.PackageExplorer",1304446386861
opened,editor,org.eclipse.jdt.ui,3.6.2.r362_v20110203,"org.eclipse.jdt.ui.CompilationUnitEditor",1304446387058
activated,editor,org.eclipse.jdt.ui,3.6.2.r362_v20110203,"org.eclipse.jdt.ui.CompilationUnitEditor",1304446387131
activated,view,org.eclipse.ui.views,3.5.1.M20110202-0800,"org.eclipse.ui.views.ContentOutline",1304446392775
activated,editor,org.eclipse.jdt.ui,3.6.2.r362_v20110203,"org.eclipse.jdt.ui.CompilationUnitEditor",1304446392927
deactivated,workbench,org.eclipse.ui.workbench,3.6.2.M20110210-1200,"",1304446422996
activated,workbench,org.eclipse.ui.workbench,3.6.2.M20110210-1200,"",1304446432425
activated,view,org.eclipse.jdt.ui,3.6.2.r362_v20110203,"org.eclipse.jdt.ui.PackageExplorer",1304446464756
opened,editor,org.eclipse.jdt.ui,3.6.2.r362_v20110203,"org.eclipse.jdt.ui.CompilationUnitEditor",1304446464957
activated,editor,org.eclipse.jdt.ui,3.6.2.r362_v20110203,"org.eclipse.jdt.ui.CompilationUnitEditor",1304446465030
activated,view,org.eclipse.ui.views,3.5.1.M20110202-0800,"org.eclipse.ui.views.ContentOutline",1304446478280
activated,editor,org.eclipse.jdt.ui,3.6.2.r362_v20110203,"org.eclipse.jdt.ui.CompilationUnitEditor",1304446493515
activated,editor,org.eclipse.jdt.ui,3.6.2.r362_v20110203,"org.eclipse.jdt.ui.CompilationUnitEditor",1304446493669
deactivated,workbench,org.eclipse.ui.workbench,3.6.2.M20110210-1200,"",1304446500050
activated,workbench,org.eclipse.ui.workbench,3.6.2.M20110210-1200,"",1304446502107
deactivated,workbench,org.eclipse.ui.workbench,3.6.2.M20110210-1200,"",1304446505642
started,bundle,org.eclipse.ui.cheatsheets,3.4.0.v20100427,"org.eclipse.ui.cheatsheets",1304446598383
activated,workbench,org.eclipse.ui.workbench,3.6.2.M20110210-1200,"",1304446659262
deactivated,workbench,org.eclipse.ui.workbench,3.6.2.M20110210-1200,"",1304446659367
activated,workbench,org.eclipse.ui.workbench,3.6.2.M20110210-1200,"",1304446662576
deactivated,workbench,org.eclipse.ui.workbench,3.6.2.M20110210-1200,"",1304446670212
activated,workbench,org.eclipse.ui.workbench,3.6.2.M20110210-1200,"",1304446796502
activated,editor,org.eclipse.jdt.ui,3.6.2.r362_v20110203,"org.eclipse.jdt.ui.CompilationUnitEditor",1304446813496
activated,editor,org.eclipse.jdt.ui,3.6.2.r362_v20110203,"org.eclipse.jdt.ui.CompilationUnitEditor",1304446818805
deactivated,workbench,org.eclipse.ui.workbench,3.6.2.M20110210-1200,"",1304446822385
activated,workbench,org.eclipse.ui.workbench,3.6.2.M20110210-1200,"",1304446823187
deactivated,workbench,org.eclipse.ui.workbench,3.6.2.M20110210-1200,"",1304446826703
activated,workbench,org.eclipse.ui.workbench,3.6.2.M20110210-1200,"",1304446837095
opened,editor,org.eclipse.jdt.ui,3.6.2.r362_v20110203,"org.eclipse.jdt.ui.ClassFileEditor",1304446862203
activated,editor,org.eclipse.jdt.ui,3.6.2.r362_v20110203,"org.eclipse.jdt.ui.ClassFileEditor",1304446862306
executed,command,org.eclipse.jdt.ui,3.6.2.r362_v20110203,"org.eclipse.jdt.ui.edit.text.java.open.editor",1304446862432
activated,editor,org.eclipse.jdt.ui,3.6.2.r362_v20110203,"org.eclipse.jdt.ui.CompilationUnitEditor",1304446866926
closed,editor,org.eclipse.jdt.ui,3.6.2.r362_v20110203,"org.eclipse.jdt.ui.ClassFileEditor",1304446866927
executed,command,org.eclipse.ui,3.6.2.M20110203-1100,"org.eclipse.ui.file.save",1304446883704
executed,command,org.eclipse.ui,3.6.2.M20110203-1100,"org.eclipse.ui.file.save",1304446918560
executed,command,org.eclipse.ui,3.6.2.M20110203-1100,"org.eclipse.ui.file.save",1304446931582
activated,editor,org.eclipse.jdt.ui,3.6.2.r362_v20110203,"org.eclipse.jdt.ui.CompilationUnitEditor",1304446933267
executed,command,org.eclipse.ui,3.6.2.M20110203-1100,"org.eclipse.ui.file.save",1304446963537
deactivated,workbench,org.eclipse.ui.workbench,3.6.2.M20110210-1200,"",1304446970020
activated,workbench,org.eclipse.ui.workbench,3.6.2.M20110210-1200,"",1304446970145
activated,editor,org.eclipse.jdt.ui,3.6.2.r362_v20110203,"org.eclipse.jdt.ui.CompilationUnitEditor",1304446970182
executed,command,org.eclipse.ui,3.6.2.M20110203-1100,"org.eclipse.ui.file.save",1304446972459
executed,command,org.eclipse.ui,3.6.2.M20110203-1100,"org.eclipse.ui.edit.text.contentAssist.proposals",1304446978969
executed,command,org.eclipse.ui,3.6.2.M20110203-1100,"org.eclipse.ui.file.save",1304446979880
activated,editor,org.eclipse.jdt.ui,3.6.2.r362_v20110203,"org.eclipse.jdt.ui.CompilationUnitEditor",1304446995060
deactivated,workbench,org.eclipse.ui.workbench,3.6.2.M20110210-1200,"",1304446996458
activated,workbench,org.eclipse.ui.workbench,3.6.2.M20110210-1200,"",1304447005743
deactivated,workbench,org.eclipse.ui.workbench,3.6.2.M20110210-1200,"",1304447005888
activated,workbench,org.eclipse.ui.workbench,3.6.2.M20110210-1200,"",1304447006536
deactivated,workbench,org.eclipse.ui.workbench,3.6.2.M20110210-1200,"",1304447008827
